My thoughts are with everyone affected by Cyclone Fengal stay safe and take necessary precautions,2024-11-30 21:47:07
Cyclone Fengal is making landfall just above Pondy latitude as expected IMD was spot on regarding landfall time Again few scientific weather bloggers got egg in their face Always trust the official agency,2024-11-30 21:47:07
Cyclone Fengal Watch LIVE,2024-11-30 21:47:07
The impact of Cyclone Fengal is indeed concerning Prayers for safety and minimal damage to affected areas,2024-11-30 21:47:07
Cyclone Fengal to make landfall in Tamil Nadu Indian Navy Coast Guard and NDRF on standby Watch Full Programme,2024-11-30 21:47:07
Elon musk est twitter ce que Macron est la france,2024-11-30 21:56:24
Elon Musk explains that he doesnt rely on consumer surveys to decide on new products Instead he tries to envision what customers would truly want based on innovation Using examples like Starlink and electric cars he highlights how people often dont know they need something,2024-11-30 21:56:24
Ou des enfants delon musk,2024-11-30 21:56:24
Police Florida Man Impersonated Elon Musk to Scam Elderly Woman Out of via,2024-11-30 21:56:24
The Data Doesnt Lie Catherine Herridge Sums Up REAL Reason Legacy Media DESPISES Elon Musk,2024-11-30 21:56:24
